City_ID,City,Lat,Lng,Max Temp,Humidity,Cloudiness,Wind Speed,Country
0,ola,59.5833,151.2833,1.0,73,100,1.06,RU
1,remire-montjoly,4.9167,-52.2667,27.02,78,75,2.06,GF
2,uturoa,-16.7333,-151.4333,27.97,78,31,8.26,PF
3,santa cruz,-17.8,-63.1667,15.7,82,100,3.09,BO
4,chimbarongo,-34.7,-71.05,5.49,67,0,1.14,CL
5,grytviken,-54.2811,-36.5092,3.29,98,100,4.74,GS
6,hedaru,-4.5,37.9,18.75,95,62,1.87,TZ
7,zakamensk,50.3741,103.2863,0.39,78,100,1.79,RU
8,pierre,44.3683,-100.351,23.51,28,0,5.14,US
9,plavsk,53.7094,37.2919,6.36,94,99,1.97,RU
10,susuman,62.7833,148.1667,-1.64,79,96,1.34,RU
11,bethel,41.3712,-73.414,10.93,76,98,1.02,US
12,qaqortoq,60.7167,-46.0333,0.4,72,67,0.5,GL
13,albany,42.6001,-73.9662,8.23,90,100,1.8,US
14,new norfolk,-42.7826,147.0587,14.4,75,26,1.0,AU
15,puerto ayora,-0.7393,-90.3518,27.53,91,4,1.34,EC
16,olonkinbyen,70.9221,-8.7187,-0.31,80,52,8.74,SJ
17,ust-nera,64.5667,143.2,0.28,81,95,2.49,RU
18,geraldton,-28.7667,114.6,21.23,43,75,2.06,AU
19,usinsk,65.9939,57.5281,2.35,98,100,7.49,RU
20,punta arenas,-53.15,-70.9167,8.06,76,40,10.29,CL
21,pimentel,-6.8367,-79.9342,24.16,78,0,7.2,PE
22,tolanaro,-25.0319,46.9987,21.04,88,40,4.12,MG
23,tiksi,71.6872,128.8694,-1.21,82,46,12.87,RU
24,vieux fort,13.7167,-60.95,27.62,77,75,6.69,LC
25,puerto natales,-51.7236,-72.4875,8.22,82,100,8.38,CL
26,hermanus,-34.4187,19.2345,13.78,85,0,0.97,ZA
27,hadibu,12.65,54.0333,28.63,78,100,1.57,YE
28,badger,64.8,-147.5333,7.93,49,75,5.14,US
29,pacific grove,36.6177,-121.9166,13.34,89,75,1.54,US
30,tandalti,13.0167,31.8667,27.08,7,100,4.57,SD
31,adamstown,-25.066,-130.1015,24.66,65,16,1.53,PN
32,yellowknife,62.456,-114.3525,21.29,30,75,7.2,CA
33,nova sintra,14.8667,-24.7167,21.23,77,70,6.13,CV
34,wailua homesteads,22.0669,-159.378,27.24,70,0,7.2,US
35,waitangi,-43.9535,-176.5597,17.12,86,62,4.92,NZ
36,chonchi,-42.6128,-73.8092,10.07,96,92,0.44,CL
37,seme,15.1942,-12.9448,33.1,18,7,3.68,SN
38,ad dilam,23.9915,47.1627,25.23,21,1,2.16,SA
39,port-aux-francais,-49.35,70.2167,7.17,97,100,7.56,TF
40,port mathurin,-19.6833,63.4167,25.55,74,13,4.62,MU
41,kabrai,25.4167,80.0167,25.77,64,14,2.23,IN
42,divnogorsk,55.9594,92.3619,5.27,68,100,1.23,RU
43,hami,42.8,93.45,12.82,17,100,2.64,CN
44,ulsteinvik,62.3432,5.8487,4.86,69,7,3.13,NO
45,keflavik,64.0049,-22.5624,3.95,87,100,7.2,IS
46,nurota,40.5614,65.6886,11.15,28,56,4.96,UZ
47,bredasdorp,-34.5322,20.0403,11.69,92,0,1.63,ZA
48,den burg,53.0542,4.7972,7.98,78,100,6.69,NL
49,korablino,53.9164,40.0133,8.18,95,99,2.52,RU
50,bandarbeyla,9.4942,50.8122,29.06,77,99,5.36,SO
51,stanley,54.868,-1.6985,6.5,86,75,3.6,GB
52,bilibino,68.0546,166.4372,-6.09,76,100,2.08,RU
53,blackmans bay,-43.0167,147.3167,13.74,68,12,1.91,AU
54,port alfred,-33.5906,26.891,17.81,85,0,2.47,ZA
55,clinton,42.587,-82.9199,11.18,77,100,3.09,US
56,whitehorse,60.7161,-135.0538,8.43,31,40,4.12,CA
57,isafjordur,66.0755,-23.124,3.77,75,100,0.64,IS
58,ilulissat,69.2167,-51.1,1.01,93,100,0.51,GL
59,west island,-12.1568,96.8225,27.99,83,40,1.54,CC
60,hawaiian paradise park,19.5933,-154.9731,26.73,78,40,4.63,US
61,holualoa,19.6228,-155.9522,26.91,79,0,6.17,US
62,tadine,-21.55,167.8833,27.29,69,19,2.8,NC
63,paita,-5.0892,-81.1144,25.09,78,50,7.15,PE
64,constantia,44.1833,28.65,11.5,88,100,3.0,RO
65,cajabamba,-7.6167,-78.05,13.57,78,90,1.83,PE
66,codrington,-38.2667,141.9667,15.47,51,81,3.21,AU
67,howrah,22.5892,88.3103,28.0,78,75,1.54,IN
68,halabjah,35.1778,45.9861,11.54,35,0,1.8,IQ
69,nova vicosa,-17.8919,-39.3719,23.77,86,0,2.94,BR
70,mana,5.6592,-53.7767,25.48,82,96,4.39,GF
71,belyy yar,53.6039,91.3903,4.94,65,0,4.0,RU
72,mili,6.0815,171.735,27.64,81,100,6.81,MH
73,papatowai,-46.5619,169.4708,15.9,78,25,1.56,NZ
74,ribeira grande,38.5167,-28.7,17.1,90,62,6.26,PT
75,springbok,-29.6643,17.8865,10.23,56,30,1.13,ZA
76,norrtalje,59.758,18.705,-1.43,85,19,1.78,SE
77,nadi,-17.8,177.4167,29.0,61,40,4.63,FJ
78,mersing,2.4312,103.8405,27.95,89,20,2.57,MY
79,port alberni,49.2413,-124.8028,24.93,56,0,2.24,CA
80,polyarnyy,69.1989,33.4478,-1.54,84,100,10.43,RU
81,sambir,49.5183,23.1975,7.97,94,100,2.05,UA
82,ushuaia,-54.8,-68.3,7.81,76,75,9.77,AR
83,port elizabeth,-33.918,25.5701,14.62,97,0,2.06,ZA
84,jamestown,42.097,-79.2353,6.77,92,100,2.06,US
85,longyearbyen,78.2186,15.6401,-5.09,86,75,1.03,SJ
86,la'ie,21.6477,-157.9253,28.66,69,89,4.02,US
87,iqaluit,63.7506,-68.5145,-2.15,79,100,4.12,CA
88,lydenburg,-25.0978,30.4597,11.63,90,6,0.22,ZA
89,quixeramobim,-5.1992,-39.2928,23.5,89,49,1.47,BR
90,aasiaat,68.7098,-52.8699,0.22,99,100,8.21,GL
91,namsos,64.4662,11.4957,-0.97,100,100,0.51,NO
92,chernomorskoye,45.5039,32.6997,9.94,75,58,3.35,UA
93,alice springs,-23.7,133.8833,18.75,42,7,6.69,AU
94,dalkola,25.85,87.85,26.02,59,100,3.8,IN
95,konstantinovka,49.6167,127.9833,13.69,26,15,8.07,RU
96,lata,40.1629,-8.3327,14.49,97,0,1.76,PT
97,thompson,55.7435,-97.8558,10.09,57,20,2.06,CA
98,narasapur,16.45,81.6667,27.73,75,67,3.57,IN
99,tazacorte,28.629,-17.9293,20.54,76,99,5.66,ES
100,sambava,-14.2667,50.1667,22.92,84,4,4.3,MG
101,port blair,11.6667,92.75,30.15,68,79,1.46,IN
102,haiku-pauwela,20.9219,-156.3051,29.01,48,40,9.77,US
103,krusevac,43.58,21.3339,13.2,97,100,1.23,RS
104,khandyga,62.6667,135.6,3.28,70,15,2.27,RU
105,fremont,37.5483,-121.9886,15.5,79,100,5.14,US
106,carigara,11.25,124.6833,29.04,75,100,2.71,PH
107,viqueque,-8.8673,126.3658,29.12,65,33,3.06,TL
108,vorgashor,67.5833,63.95,-2.28,93,100,1.55,RU
109,aykhal,66.0,111.5,-0.07,91,100,8.4,RU
110,afaahiti,-17.75,-149.2833,29.48,81,34,8.54,PF
111,san patricio,28.017,-97.5169,24.97,83,45,4.57,US
112,fada,9.5667,8.3,21.92,78,49,0.31,NG
113,tuy hoa,13.0833,109.3,30.77,59,91,0.47,VN
114,shuangyang,43.5242,125.6736,17.94,66,100,4.43,CN
115,rosales,15.8944,120.6328,33.51,45,88,4.23,PH
116,el granada,37.5027,-122.4694,14.41,91,40,4.63,US
117,yingchuan,34.1628,113.4639,18.25,93,100,5.42,CN
118,necochea,-38.5473,-58.7368,10.57,49,0,5.19,AR
119,gornopravdinsk,60.05,69.9,13.69,70,100,4.15,RU
120,lihue,21.9789,-159.3672,27.58,69,0,7.2,US
121,le portel,50.7056,1.5757,9.83,79,100,5.8,FR
122,grande prairie,55.1667,-118.8027,26.1,11,20,8.75,CA
123,la ronge,55.1001,-105.2842,21.14,17,75,3.09,CA
124,lubao,14.9167,120.55,32.04,56,95,6.51,PH
125,kapa'a,22.0752,-159.319,27.99,70,0,7.2,US
126,jolo,6.05,121.0167,30.61,66,100,1.18,PH
127,san miguel panixtlahuaca,16.2484,-97.3843,21.01,85,48,2.2,MX
128,kangding,30.0513,101.9603,19.02,40,0,0.12,CN
129,farshut,26.0549,32.1633,24.36,22,3,1.85,EG
130,tamandare,-8.7597,-35.1047,25.17,87,84,2.35,BR
131,vilyuchinsk,52.9306,158.4028,7.15,86,56,2.6,RU
132,gonzalez,30.5816,-87.2914,21.97,73,39,1.61,US
133,suoyarvi,62.0833,32.35,0.0,97,100,2.59,RU
134,fredonia,42.4401,-79.3317,7.9,89,100,2.06,US
135,ancud,-41.8697,-73.8203,9.24,91,59,0.43,CL
136,ozernyy,55.5802,32.4127,1.47,75,18,1.68,RU
137,mitu,1.1983,-70.1733,22.84,98,85,0.35,CO
138,curillo,1.0333,-75.9191,22.81,97,100,0.67,CO
139,dunedin,-45.8742,170.5036,19.48,98,0,0.89,NZ
140,sarakhs,36.5449,61.1577,17.2,73,48,9.02,IR
141,kampung tanjung karang,3.4242,101.1849,31.44,87,100,1.66,MY
142,balykshi,47.0667,51.8667,15.0,77,75,7.0,KZ
143,hamilton,39.1834,-84.5333,11.69,69,0,4.12,US
144,hasaki,35.7333,140.8333,25.16,63,0,7.84,JP
145,devils lake,48.1128,-98.8651,18.99,44,0,5.66,US
146,edinburgh of the seven seas,-37.0676,-12.3116,17.53,86,100,8.99,SH
147,kargasok,59.0556,80.8572,10.28,49,100,4.81,RU
148,luchegorsk,46.4764,134.2569,12.35,89,100,4.45,RU
149,walvis bay,-22.9575,14.5053,15.43,76,37,3.17,NA
150,nemuro,43.3236,145.575,10.84,70,56,2.61,JP
151,alibag,18.6411,72.8792,27.04,69,93,0.76,IN
152,santa ana,33.7456,-117.8678,17.01,63,75,4.63,US
153,port saint john's,-31.6229,29.5448,18.11,89,0,2.49,ZA
154,west sayville,40.7279,-73.0976,11.15,80,100,4.12,US
155,georgetown,5.4112,100.3354,29.96,81,20,1.54,MY
156,richards bay,-28.783,32.0377,18.99,93,65,1.49,ZA
157,mejit,10.2753,170.8646,27.2,78,86,7.62,MH
158,udachny,66.4167,112.4,3.03,51,99,6.35,RU
159,saint-pierre,-21.3393,55.4781,21.43,68,75,3.09,RE
160,kone,-21.0595,164.8658,28.28,69,41,2.15,NC
161,severo-yeniseyskiy,60.3725,93.0408,2.74,82,100,2.51,RU
162,meadow lake,34.8014,-106.5436,23.37,24,100,2.98,US
163,kudahuvadhoo,2.6708,72.8944,26.43,88,100,9.73,MV
164,sao joao da barra,-21.6403,-41.0511,22.39,85,1,0.86,BR
165,talnakh,69.4865,88.3972,-0.81,95,100,5.38,RU
166,anloga,5.7947,0.8973,27.99,77,83,2.93,GH
167,trongsa,27.5026,90.5072,14.25,79,57,0.92,BT
168,khatima,28.9167,79.9667,23.2,64,42,1.15,IN
169,petropavlovsk-kamchatsky,53.0452,158.6483,6.33,57,75,4.0,RU
170,ebaye,8.7748,167.7392,28.01,83,75,4.12,MH
171,san julian,21.0167,-102.1667,23.85,15,100,3.6,MX
172,imaricho-ko,33.2667,129.8833,17.87,78,100,1.91,JP
173,ust-tsilma,65.441,52.1498,2.25,100,100,2.63,RU
174,el nido,11.1858,119.3956,28.18,80,97,9.67,PH
175,ust'-kut,56.7938,105.7672,4.99,79,67,0.66,RU
176,pingyin,36.2831,116.4453,17.83,93,100,3.07,CN
177,rutland,43.6167,-73.0162,7.51,85,100,2.06,US
178,mirai,-21.1953,-42.6142,18.85,94,0,1.32,BR
179,avarua,-21.2078,-159.775,25.03,88,75,7.2,CK
180,east london,-33.0153,27.9116,17.36,84,0,2.94,ZA
181,newman,37.3138,-121.0208,16.13,80,100,0.89,US
182,kodiak,57.79,-152.4072,3.73,93,100,10.8,US
183,razole,16.4833,81.8333,27.14,79,80,2.55,IN
184,noosa heads,-26.3833,153.15,26.85,43,0,3.91,AU
185,taguatinga,-12.3857,-46.5711,25.5,52,69,0.2,BR
186,puerto ayacucho,5.6639,-67.6236,26.88,77,89,2.1,VE
187,pandan,14.0453,124.1694,28.61,78,100,5.45,PH
188,katima mulilo,-17.5,24.2667,13.67,54,0,0.66,NA
189,paranavai,-23.0731,-52.4653,19.1,88,33,1.48,BR
190,selfoss,63.9331,-20.9971,3.91,69,100,5.25,IS
191,frontera,26.9333,-101.45,30.86,48,75,5.14,MX
192,qarqaraly,49.4058,75.4742,2.7,48,3,3.49,KZ
193,nangka,9.4006,122.8169,29.02,71,100,3.76,PH
194,bni bouayach,35.1022,-3.841,16.31,77,84,1.03,MA
195,santa maria del oro,25.9333,-105.3667,23.9,20,100,5.32,MX
196,huesca,42.1362,-0.4087,15.38,62,0,5.14,ES
197,iskateley,67.6803,53.1512,0.23,96,100,4.52,RU
198,omdurman,15.6445,32.4777,27.71,9,11,5.24,SD
199,turpan,42.9333,89.1667,12.61,48,100,4.51,CN
200,changde,29.0464,111.6783,24.95,86,98,2.52,CN
201,anadyr,64.75,177.4833,-4.72,74,0,4.0,RU
202,pisco,-13.7,-76.2167,20.03,88,0,8.75,PE
203,kudamatsu,34.0,131.8667,19.98,67,100,4.06,JP
204,nueve de julio,-35.4444,-60.8831,9.42,64,0,3.16,AR
205,constitucion,-35.3333,-72.4167,11.48,65,0,2.31,CL
206,nouadhibou,20.931,-17.0347,20.99,64,100,5.66,MR
207,magdagachi,53.45,125.8,8.28,42,100,4.92,RU
208,krasnyy chikoy,50.3643,108.7512,6.78,32,100,2.01,RU
209,sitka,57.0531,-135.33,8.94,61,20,2.06,US
210,lapeer,43.0514,-83.3188,10.0,75,100,0.0,US
211,port shepstone,-30.7414,30.455,19.06,85,0,2.29,ZA
212,katsuura,35.1333,140.3,20.58,63,0,7.0,JP
213,tateyama,34.9833,139.8667,19.67,68,0,6.75,JP
214,coyhaique,-45.5752,-72.0662,11.34,76,75,2.06,CL
215,college,64.8569,-147.8028,7.97,50,75,5.14,US
216,grand falls-windsor,48.9332,-55.6649,3.61,93,100,1.34,CA
217,al ghayzah,16.2079,52.176,26.95,87,82,0.55,YE
218,margaret river,-33.95,115.0667,17.61,58,68,4.68,AU
219,weno,7.4515,151.8468,26.97,94,100,2.57,FM
220,thunder bay,48.4001,-89.3168,6.99,75,100,3.6,CA
221,kapit,2.0167,112.9333,30.88,66,90,0.47,MY
222,tura,25.5198,90.2201,24.26,76,47,1.44,IN
223,corinto,37.9407,22.9573,13.27,82,100,1.38,GR
224,praia da vitoria,38.7333,-27.0667,17.14,67,20,4.88,PT
225,zhangatas,43.5667,69.75,5.38,33,0,12.42,KZ
226,ocean shores,46.9737,-124.1563,12.75,86,100,6.69,US
227,manta,-0.95,-80.7333,26.88,78,40,2.06,EC
228,mount pearl,47.5166,-52.7813,3.41,97,100,4.12,CA
229,breckenridge,32.7557,-98.9023,26.11,50,0,4.63,US
230,saldanha,-33.0117,17.9442,15.13,88,13,5.24,ZA
231,moose jaw,50.4001,-105.5344,26.15,13,75,3.6,CA
232,yokadouma,3.5167,15.05,19.1,98,97,0.59,CM
233,atafu village,-8.5421,-172.5159,29.01,74,67,6.52,TK
234,colonia,50.9333,6.95,10.48,74,0,1.54,DE
235,opuwo,-18.0607,13.84,17.87,42,0,0.74,NA
236,hithadhoo,-0.6,73.0833,27.67,81,100,11.34,MV
237,kabompo,-13.5927,24.2008,11.95,75,0,2.23,ZM
238,muisne,0.6,-80.0333,26.73,87,100,2.95,EC
239,kwang binh,17.4833,106.6,31.24,64,15,2.68,VN
240,balaklava,44.5,33.6,11.06,64,78,1.87,UA
241,quelimane,-17.8786,36.8883,18.85,81,0,0.74,MZ
242,touros,-5.1989,-35.4608,25.81,82,13,3.79,BR
243,plainfield,40.6168,-74.4173,11.08,75,100,1.54,US
244,zhangjiakou,40.81,114.8794,18.63,54,96,4.44,CN
245,sisimiut,66.9395,-53.6735,0.77,96,100,9.88,GL
246,alofi,-19.0595,-169.9187,23.94,88,100,5.66,NU
247,sungai raya,0.7,108.9,29.97,68,60,0.69,ID
248,carnarvon,-24.8667,113.6333,25.97,47,4,3.12,AU
249,zeya,53.75,127.2667,10.03,46,97,6.3,RU
250,hashtrud,37.4779,47.0508,4.79,72,99,2.13,IR
251,jayapura,-2.5333,140.7,30.66,67,100,1.42,ID
252,puerto baquerizo moreno,-0.9,-89.6,26.9,79,18,3.1,EC
253,mutsu,41.2894,141.2169,18.85,44,14,8.33,JP
254,invercargill,-46.4,168.35,16.09,79,53,0.89,NZ
255,sao jose da coroa grande,-8.8978,-35.1478,25.29,87,84,2.74,BR
256,utrik,11.2278,169.8474,27.12,75,100,7.31,MH
257,gommern,52.0667,11.8333,4.47,85,16,1.52,DE
258,iquique,-20.2208,-70.1431,19.02,77,92,1.6,CL
259,leland,34.2563,-78.0447,17.01,46,0,3.6,US
260,garagoa,5.0824,-73.3633,14.65,97,81,1.33,CO
261,urangan,-25.3,152.9,23.94,40,2,1.77,AU
262,nizhniy odes,63.6445,54.856,2.6,100,100,3.31,RU
263,plettenberg bay,-34.0527,23.3716,15.24,87,11,2.08,ZA
264,port lincoln,-34.7333,135.8667,16.07,59,100,4.37,AU
265,borogontsy,62.6683,131.1683,1.94,79,87,3.78,RU
266,machico,32.7,-16.7667,19.35,73,20,3.09,PT
267,puerto lempira,15.2667,-83.7667,26.44,80,63,4.09,HN
268,kruisfontein,-34.0033,24.7314,12.71,82,0,2.71,ZA
269,vilaka,57.1846,27.6722,0.64,94,0,2.94,LV
270,bikenibeu village,1.3673,173.1241,30.98,70,40,3.09,KI
271,enewetak,11.3474,162.3373,27.21,78,100,8.5,MH
272,vadso,70.0744,29.7487,-2.51,74,100,6.69,NO
273,bhamo,24.2667,97.2333,30.18,43,9,1.29,MM
274,gamba,-2.65,10.0,25.77,90,98,0.92,GA
275,klamath falls,42.2249,-121.7817,14.36,48,40,6.17,US
276,tralee,52.2704,-9.7026,10.09,81,81,5.2,IE
277,casper,42.8666,-106.3131,23.33,17,0,2.57,US
278,port augusta,-32.5,137.7667,17.98,49,0,1.34,AU
279,bawku,11.0616,-0.2417,32.38,33,96,3.84,GH
280,tarakan,3.3,117.6333,30.72,74,40,2.06,ID
281,happy valley-goose bay,53.3168,-60.3315,3.17,87,100,7.72,CA
282,hirara,24.8,125.2833,27.92,83,75,7.2,JP
283,crane,31.3974,-102.3501,23.81,57,93,7.59,US
284,plastun,44.7561,136.2939,22.12,35,100,3.31,RU
285,lisala,2.15,21.5167,20.82,98,99,0.44,CD
286,villa ojo de agua,-29.5,-63.6938,13.09,41,99,4.47,AR
287,egilsstadir,65.2653,-14.3948,2.95,75,40,4.63,IS
288,zaragoza,41.6561,-0.8773,17.7,62,0,5.14,ES
289,saipan,15.1355,145.701,31.39,100,40,6.69,MP
290,ribeira brava,32.65,-17.0667,19.35,67,100,2.08,PT
291,kavaratti,10.5669,72.642,28.7,65,46,2.59,IN
292,kapuskasing,49.4169,-82.4331,6.05,81,75,1.54,CA
293,fale old settlement,-9.3852,-171.2468,28.54,75,85,5.65,TK
294,high river,50.5834,-113.8687,22.83,50,91,0.82,CA
295,huanta,-12.9333,-74.25,14.98,69,100,1.91,PE
296,arraial do cabo,-22.9661,-42.0278,17.98,100,0,0.0,BR
297,cesky krumlov,48.8109,14.3152,6.88,100,6,0.38,CZ
298,dong ha,16.8163,107.1003,32.82,52,88,1.51,VN
299,ghanaur,30.3322,76.6072,22.41,63,0,3.8,IN
300,nelson,-41.2833,173.2833,17.38,99,100,0.45,NZ
301,pemba,-12.974,40.5178,21.45,83,0,5.83,MZ
302,kupjansk,49.7209,37.5998,9.3,82,58,2.67,UA
303,sur,22.5667,59.5289,26.7,81,3,0.96,OM
304,mcminnville,45.2101,-123.1987,21.14,55,0,5.66,US
305,qa'en,33.7265,59.1844,14.5,56,0,2.16,IR
306,palikir - national government center,6.9248,158.1611,25.47,100,100,2.57,FM
307,thurso,58.5927,-3.5259,8.14,92,100,7.59,GB
308,tyukhtet,56.5389,89.3011,7.12,59,95,1.19,RU
309,portland,45.5234,-122.6762,22.02,50,100,4.63,US
310,agat village,13.3886,144.6585,31.52,68,20,6.17,GU
311,labytnangi,66.6572,66.4183,-0.06,98,100,2.16,RU
312,vorkuta,67.5,64.0,-1.03,94,100,1.53,RU
313,flying fish cove,-10.4217,105.6791,28.82,83,75,3.6,CX
314,mandera,3.9366,41.867,26.28,73,98,4.37,KE
315,dubti,11.7361,41.0853,30.09,53,100,4.92,ET
316,salalah,17.0151,54.0924,29.05,70,0,1.03,OM
317,prado,-17.3411,-39.2208,24.11,87,0,2.81,BR
318,ormara,25.2088,64.6357,26.71,67,0,1.59,PK
319,guanare,9.0418,-69.7421,23.01,78,3,1.54,VE
320,brookings,44.3114,-96.7984,21.0,26,0,2.06,US
321,fort mcmurray,56.7268,-111.381,28.77,18,0,5.66,CA
322,huazhou,21.6333,110.5833,28.77,69,40,6.82,CN
323,xinyuan,37.3,99.0,0.42,93,100,2.14,CN
324,fonte boa,-2.4959,-66.2662,23.27,97,15,1.25,BR
325,strunino,56.3833,38.5667,1.89,78,2,2.08,RU
326,valparaiso,-33.0393,-71.6273,10.8,93,0,2.57,CL
327,princeville,45.7668,-61.2985,3.53,95,100,2.06,CA
328,mirnyy,62.5353,113.9611,1.17,95,99,4.87,RU
329,ocean pines,38.3954,-75.1557,11.08,67,100,2.57,US
330,wenling,28.3669,121.36,21.12,93,100,4.54,CN
331,mandan,46.8267,-100.8896,23.99,30,0,4.12,US
332,oriximina,-1.7656,-55.8661,23.81,97,100,1.75,BR
333,takoradi,4.8845,-1.7554,26.93,83,46,2.79,GH
334,navlya,52.8281,34.4989,6.08,95,100,1.63,RU
335,kodinsk,58.6881,99.1844,4.61,74,100,1.77,RU
336,vigan,17.5747,120.3869,30.52,92,1,2.65,PH
337,westport,41.1415,-73.3579,11.63,77,75,4.12,US
338,anchorage,61.2181,-149.9003,3.81,92,100,2.24,US
339,huarmey,-10.0681,-78.1522,23.67,84,82,5.09,PE
340,oltinko'l,40.8011,72.1634,18.02,27,15,2.8,UZ
341,kerikeri,-35.2268,173.9474,19.39,96,100,0.89,NZ
342,vanimo,-2.6741,141.3028,30.39,66,85,1.67,PG
343,zouerate,22.7187,-12.4521,27.28,25,100,6.21,MR
344,medenine,33.355,10.5055,18.12,54,6,3.2,TN
345,bouca,6.5105,18.2733,20.34,95,100,1.67,CF
346,mersa matruh,31.3525,27.2453,19.56,58,92,6.23,EG
347,brisas de zicatela,15.8369,-97.0419,29.29,65,0,1.54,MX
348,okahao,-17.885,15.0667,21.43,34,4,2.27,NA
349,mahina,-17.5065,-149.489,30.42,66,75,5.14,PF
350,champerico,14.3,-91.9167,29.36,75,68,3.49,GT
351,basse santa su,13.31,-14.2137,31.95,35,97,2.97,GM
352,kiffa,16.6166,-11.4045,32.46,9,0,3.4,MR
353,oodweyne,9.4092,45.064,23.33,74,100,1.49,SO
354,coquimbo,-29.9533,-71.3436,13.85,82,75,1.54,CL
355,dara,15.3484,-15.4799,23.98,58,33,4.0,SN
356,yeed,4.55,43.0333,25.62,73,100,4.87,SO
357,greymouth,-42.4667,171.2,18.76,74,5,1.4,NZ
358,sabang,5.8933,95.3214,28.51,74,100,2.16,ID
359,sungai penuh,-2.0833,101.3833,22.96,85,97,0.48,ID
360,mount pleasant,32.7941,-79.8626,19.44,44,0,1.54,US
361,bosobolo,4.1833,19.9,19.9,98,98,0.86,CD
362,ouled mimoun,34.9047,-1.0339,13.01,53,99,1.46,DZ
363,arvin,35.2091,-118.8284,18.07,55,100,2.11,US
364,placido de castro,-10.3353,-67.1856,23.11,96,91,0.26,BR
365,soe,-9.8607,124.284,22.95,80,79,2.82,ID
366,box elder,41.5005,-112.8764,18.55,35,86,3.08,US
367,kirensk,57.7853,108.1119,5.77,67,94,0.45,RU
368,cozumel,20.5083,-86.9458,28.3,86,0,3.13,MX
369,jiuquan,39.7432,98.5174,11.57,22,59,3.59,CN
370,bonthe,7.5264,-12.505,25.03,86,100,1.24,SL
371,pavlovsk,50.4578,40.1081,9.52,83,35,1.5,RU
372,embi,48.8264,58.1442,11.48,26,100,7.89,KZ
373,san francisco ixhuatan,16.3569,-94.4825,28.95,71,19,1.89,MX
374,sinabang,2.4803,96.3801,28.28,74,95,0.41,ID
375,al jawf,29.5,38.75,21.5,21,0,7.99,SA
376,margate,51.3813,1.3862,11.61,81,100,1.79,GB
377,kelibia,36.8476,11.0939,16.14,94,20,3.09,TN
378,kentville,45.0835,-64.4988,4.11,93,100,2.57,CA
379,celestun,20.8667,-90.4,26.72,78,0,7.64,MX
380,ilheus,-14.7889,-39.0494,23.9,100,20,2.06,BR
381,penal,10.1667,-61.4667,25.96,80,3,4.27,TT
382,ternate,0.8,127.4,29.25,75,20,2.16,ID
383,basi,26.8333,76.0333,22.19,65,82,1.95,IN
384,barcelos,41.5388,-8.6151,17.14,95,11,1.96,PT
385,kenora,49.8167,-94.4337,18.54,25,40,4.63,CA
386,mazagao,-0.115,-51.2894,25.03,97,100,1.53,BR
387,lecheng,25.1238,113.3254,26.31,82,83,2.85,CN
388,lamu,-2.2717,40.902,27.12,83,0,6.17,KE
389,acarau,-2.8856,-40.12,25.7,86,52,4.42,BR
390,tamanrasset,22.785,5.5228,21.95,10,0,2.06,DZ
391,lodja,-3.4833,23.4333,19.64,99,98,0.51,CD
392,villa gesell,-37.2639,-56.973,11.14,81,0,4.56,AR
393,vila franca do campo,37.7167,-25.4333,16.23,85,76,5.6,PT
394,yelovo,57.0538,54.9207,11.91,84,96,1.96,RU
395,cartagena,10.3997,-75.5144,28.79,79,40,3.6,CO
396,guerrero negro,27.9769,-114.0611,15.2,65,30,7.48,MX
397,la passe,45.5549,-0.8967,18.13,70,100,4.63,FR
398,alma,48.5501,-71.6491,5.56,87,100,2.98,CA
399,carbonear,47.7332,-53.2148,4.12,95,100,6.09,CA
400,dzuunmod,48.2199,97.3744,-2.44,52,100,1.72,MN
401,tlaltenango de sanchez roman,21.7833,-103.3167,22.74,14,100,2.49,MX
402,mugia,43.1041,-9.2179,16.62,91,4,7.94,ES
403,nakskov,54.8373,11.1284,2.84,82,12,4.1,DK
404,richmond,37.5538,-77.4603,11.21,69,75,2.57,US
405,queenstown,-31.8976,26.8753,8.44,76,2,1.29,ZA
406,dzhalagash,45.0833,64.6667,9.78,24,25,9.85,KZ
407,sao vicente,-23.9631,-46.3919,25.15,26,2,1.12,BR
408,port-vila,-17.7338,168.3219,30.78,58,40,5.14,VU
409,clearwater,27.9659,-82.8001,23.29,59,0,3.13,US
410,saint-philippe,-21.3585,55.7679,20.77,83,71,4.26,RE
411,podporozh'ye,60.9112,34.1706,0.0,93,40,2.35,RU
412,nar'yan-mar,67.6713,53.087,0.28,96,100,4.55,RU
413,natal,-5.795,-35.2094,27.12,78,20,3.09,BR
414,aksu,41.1231,80.2644,10.57,27,100,2.3,CN
415,yeniseysk,58.4497,92.1703,6.19,67,100,2.36,RU
416,bamboo flat,11.7,92.7167,30.21,68,79,1.45,IN
417,padang,-0.9492,100.3543,28.03,86,100,0.66,ID
418,hotan,37.0997,79.9269,15.45,11,0,4.65,CN
419,bengkulu,-3.8004,102.2655,28.36,72,100,0.25,ID
420,la gi,10.6667,107.7833,30.91,61,73,5.86,VN
421,ha'il,27.5219,41.6907,21.01,30,0,3.09,SA
422,minas de marcona,-15.2119,-75.1103,15.1,86,55,6.48,PE
423,ndele,8.4109,20.6473,22.67,87,100,1.71,CF
424,ubari,26.5921,12.7805,21.68,34,0,3.22,LY
425,katsuren-haebaru,26.3369,127.8719,25.22,81,100,6.17,JP
426,nzerekore,7.7562,-8.8179,21.4,98,90,1.16,GN
427,figuig (centre),32.1089,-1.2286,25.6,21,79,0.88,MA
428,havre,49.5833,0.3333,12.22,71,100,4.12,FR
429,mwinilunga,-11.7358,24.4293,11.84,69,0,1.38,ZM
430,port isabel,26.0734,-97.2086,26.04,88,100,6.26,US
431,ualog,10.574,123.3933,24.92,90,100,1.12,PH
432,princeton,25.5384,-80.4089,26.12,74,0,4.12,US
433,angarsk,52.5367,103.8864,3.4,47,100,1.92,RU
434,laiwu,36.1928,117.6569,17.7,91,100,2.29,CN
435,palmer,42.1584,-72.3287,9.95,80,100,3.09,US
436,dudinka,69.4058,86.1778,-1.51,93,80,4.0,RU
437,evron,48.1564,-0.3997,12.55,90,100,5.12,FR
438,laguna,38.421,-121.4238,17.4,52,0,1.54,US
439,abrantes,39.4667,-8.2,15.41,96,29,0.96,PT
440,alpena,45.0617,-83.4327,11.18,69,100,4.63,US
441,suntar,62.1444,117.6319,2.47,94,88,4.17,RU
442,nizhnegorskiy,45.4479,34.7384,8.27,85,59,3.25,UA
443,rehoboth,-23.3167,17.0833,19.86,23,89,0.92,NA
444,prince rupert,54.3161,-130.3201,9.05,76,0,9.26,CA
445,comodoro rivadavia,-45.8667,-67.5,16.92,42,0,19.55,AR
446,cachoeira do sul,-30.0392,-52.8939,16.98,98,100,2.48,BR
447,pucon,-39.2822,-71.9543,7.24,93,32,0.83,CL
448,albania,41.0,20.0,12.61,81,84,1.06,AL
449,taulaga,-11.0553,-171.0883,28.31,76,100,5.54,AS
450,sasovo,54.3537,41.9199,8.84,96,90,1.97,RU
451,gadzhiyevo,69.2551,33.3362,-1.65,81,100,10.69,RU
452,cristuru secuiesc,46.2833,25.0333,9.48,78,100,1.88,RO
453,ardakan,32.31,54.0175,18.55,21,0,8.72,IR
454,hinganghat,20.5667,78.8333,26.53,61,5,3.24,IN
455,neiafu,-18.65,-173.9833,26.38,78,75,7.72,TO
456,ta`u,-14.2336,-169.5144,27.53,78,100,6.33,AS
457,san justo,-30.7891,-60.5919,13.86,62,30,2.75,AR
458,saudarkrokur,65.7461,-19.6394,4.82,68,96,2.47,IS
459,gebeit,21.0667,36.3167,23.46,25,0,1.2,SD
460,luderitz,-26.6481,15.1594,13.63,73,21,4.53,NA
461,sorada,19.75,84.4333,26.12,79,100,0.6,IN
462,balabac,7.9868,117.0645,28.61,74,100,2.42,PH
463,vrangel',42.7297,133.0839,12.11,71,63,4.17,RU
464,przysucha,51.3586,20.6289,5.8,76,6,1.56,PL
465,cabo san lucas,22.8909,-109.9124,24.61,69,100,5.14,MX
466,tettnang,47.6667,9.6,9.16,81,75,2.06,DE
467,diamantino,-14.4086,-56.4461,24.19,83,88,1.13,BR
468,winkler,49.1817,-97.941,18.43,36,4,3.6,CA
469,santa terezinha,-29.9002,-50.0904,21.2,95,100,5.69,BR
470,muravlenko,63.7898,74.523,1.79,100,100,4.67,RU
471,berezovo,63.9381,65.0419,2.97,98,100,5.29,RU
472,ghat,24.9647,10.1728,24.23,20,0,3.83,LY
473,ebon,4.582,168.6964,28.52,74,88,3.13,MH
474,camana,-16.6228,-72.7111,19.79,81,88,2.82,PE
475,otjimbingwe,-22.35,16.1333,21.29,25,50,0.29,NA
476,carutapera,-1.195,-46.02,24.38,95,100,3.25,BR
477,island harbour,50.724,-1.2758,11.1,80,100,1.79,GB
478,argo,37.6333,22.7333,13.21,74,100,1.19,GR
479,guantanamo,20.1444,-75.2092,28.76,87,95,0.84,CU
480,dryden,49.7833,-92.7503,14.16,35,20,3.6,CA
481,mungwi,-10.1732,31.3694,13.24,98,8,0.62,ZM
482,klyuchi,52.2667,79.1667,8.33,44,33,2.8,RU
483,okhotsk,59.3833,143.3,1.97,66,100,0.48,RU
484,cockburn town,21.4612,-71.1419,27.02,80,100,5.6,TC
485,adi keyh,14.8444,39.3772,16.5,73,48,0.69,ER
486,beyneu,45.3167,55.2,13.88,70,100,0.32,KZ
487,dali,25.7,100.1833,20.41,46,0,3.51,CN
488,ridgecrest,35.6225,-117.6709,17.92,31,75,7.2,US
489,penzance,50.1186,-5.5371,13.2,90,100,11.89,GB
490,manaure,11.7751,-72.4445,28.23,69,0,6.19,CO
491,yershov,51.3513,48.2766,11.28,85,15,4.45,RU
492,muriae,-21.1306,-42.3664,19.23,95,0,1.46,BR
493,qamdo,31.1667,97.2333,4.16,38,100,3.37,CN
494,porto novo,6.4965,2.6036,25.91,87,100,2.31,BJ
495,toliara,-23.35,43.6667,18.89,77,0,4.9,MG
496,guiyang,26.5833,106.7167,25.27,65,20,7.0,CN
497,tahoua,14.8888,5.2692,29.15,27,0,1.25,NE
498,isangel,-19.55,169.2667,28.48,68,4,4.81,VU
499,lorengau,-2.0226,147.2712,28.81,74,97,1.02,PG
500,parabel',58.6978,81.4825,9.86,51,100,3.99,RU
501,caldwell,43.6629,-116.6874,28.64,16,0,5.66,US
502,tarko-sale,64.9225,77.785,0.93,100,100,2.75,RU
503,betafo,-19.8333,46.85,15.74,94,95,1.54,MG
504,wanning,18.8003,110.3967,29.57,68,17,6.0,CN
505,puerto aysen,-45.4,-72.7,8.88,99,100,2.39,CL
506,mata-utu,-13.2816,-176.1745,26.13,80,100,5.01,WF
507,mao,39.8885,4.2658,16.31,48,0,1.03,ES
508,st. john's,47.5649,-52.7093,3.87,97,100,4.12,CA
509,hede,33.7681,120.2517,20.98,93,100,3.78,CN
510,dolinsk,47.35,142.8,15.59,49,100,6.7,RU
511,bakchar,57.0186,82.0711,9.13,48,100,2.24,RU
512,lupane,-18.9315,27.807,12.08,61,0,2.43,ZW
513,lucea,18.451,-78.1736,28.92,75,100,0.44,JM
514,uyuni,-20.4597,-66.825,7.55,28,29,3.11,BO
515,santa elena de uairen,4.6167,-61.1333,22.12,69,79,0.81,VE
516,aldan,58.6031,125.3894,-1.94,86,100,4.39,RU
517,ataq,14.5377,46.8319,21.93,71,100,2.54,YE
518,bodo,67.28,14.405,0.43,91,100,5.14,NO
519,kabo,7.6994,18.629,22.46,84,100,2.04,CF
520,sarh,9.1429,18.3923,26.76,61,100,0.48,TD
521,ambodifotatra,-16.9833,49.85,26.14,71,86,7.53,MG
522,miles city,46.4083,-105.8406,25.54,22,0,4.12,US
523,lompoc,34.6391,-120.4579,12.23,90,100,4.63,US
524,namibe,-15.1961,12.1522,23.86,76,0,1.24,AO
525,vilyuysk,63.7553,121.6247,1.62,82,99,4.68,RU
526,rio san juan,19.6439,-70.0763,25.55,85,94,4.05,DO
527,paranaiba,-19.6772,-51.1908,19.8,64,0,1.36,BR
528,strugi-krasnyye,58.2675,29.1114,0.72,90,4,3.49,RU
529,auki,-8.7676,160.7034,31.45,62,100,2.73,SB
530,manokwari,-0.8667,134.0833,28.67,70,18,1.57,ID
531,monchique,37.3177,-8.5553,15.08,97,70,1.34,PT
532,lazaro cardenas,17.9583,-102.2,26.98,68,43,3.6,MX
533,pointe aux piments,-20.0628,57.5131,23.62,84,1,3.88,MU
534,san antonio de pale,-1.4014,5.6325,27.72,76,95,1.05,GQ
535,wongsorejo,-7.9908,114.4009,29.36,72,14,1.14,ID
536,chernogolovka,56.0,38.3667,3.94,77,6,1.98,RU
537,porbandar,21.6422,69.6093,26.62,77,0,2.39,IN
538,lebu,-37.6167,-73.65,10.55,83,5,7.63,CL
539,rudsar,37.1376,50.288,12.99,95,100,1.11,IR
540,dolores,-36.3132,-57.6792,8.98,88,0,2.47,AR
541,novodvinsk,64.4165,40.8122,-0.42,87,100,5.81,RU
542,cody,44.5263,-109.0565,22.12,30,75,2.24,US
543,soavinandriana,-19.1667,46.7333,13.76,95,84,2.07,MG
544,sumbe,-11.2061,13.8437,24.84,89,34,2.4,AO
545,caleta de carquin,-11.0925,-77.6267,22.79,84,90,4.98,PE
546,barah,13.7,30.3667,25.09,9,31,4.53,SD
547,mahalapye,-23.1041,26.8142,18.46,53,4,5.01,BW
548,butare,-2.5967,29.7394,13.72,97,100,0.8,RW
549,itoman,26.1247,127.6694,25.22,85,75,6.69,JP
550,lodeynoye pole,60.726,33.5531,0.96,93,86,2.75,RU
551,bozeman,45.6796,-111.0386,23.68,23,0,0.0,US
552,yuzhno-kurilsk,44.0306,145.8556,13.49,60,72,2.01,RU
553,broken hill,-31.95,141.4333,15.18,43,0,1.54,AU
554,burton,42.9995,-83.6163,9.99,72,100,3.09,US
555,sogel,52.85,7.5167,6.02,81,100,2.57,DE
556,cacule,-14.5033,-42.2222,20.91,72,31,1.48,BR
557,rabo de peixe,37.8,-25.5833,15.73,77,40,6.17,PT
558,chester,40.1254,-75.8749,7.95,82,0,3.6,US
559,fort-shevchenko,44.5086,50.263,12.39,93,100,10.67,KZ
560,horta,38.5333,-28.6333,16.68,90,63,6.26,PT
561,tshabong,-26.05,22.45,21.18,42,96,4.55,BW
562,calama,-22.4667,-68.9333,15.27,17,0,1.03,CL
563,forster,-32.1667,152.5167,19.65,45,0,1.34,AU
564,zhongshu,24.5167,103.7667,25.15,36,0,9.44,CN
